{
  "120363228659851578@g.us": {
    "expired": 0,
    "name": "𝗝𝗕¹ || 𝗡𝗔𝗡𝗔𝗬 𝗦𝗧𝗢𝗥𝗘",
    "addedBy": "6285701021624",
    "mode": "ems_copy_t",
    "inviteCode": "LScwukF5HopG8ORsC42zw5",
    "inviteLink": "https://chat.whatsapp.com/LScwukF5HopG8ORsC42zw5"
  },
  "120363420856716977@g.us": {
    "expired": 0,
    "name": "Alicee Bot WatSap 🤖 || Chat Bot 24jam",
    "addedBy": "6281543496975",
    "mode": "ems_copy_t",
    "inviteCode": "DvQ0dN6jAlAHs3B72mah0X",
    "inviteLink": "https://chat.whatsapp.com/DvQ0dN6jAlAHs3B72mah0X"
  }
}